;ITRX EUR CDSI GEN 5Y Corp;ITRX XOVER CDSI GEN 5Y Corp;DU1 Comdty;OE1 Comdty;RX1 Comdty;RECMTREU Index
02/10/2023;82.44325;439.1052;104.93;115.43;127.75;149.0285
03/10/2023;86.04738;455.2537;104.965;115.33;127.28;148.8003
04/10/2023;85.58153;453.8545;104.99;115.35;127.37;148.52
05/10/2023;87.82574;461.1187;105.095;115.73;128.07;148.8967
06/10/2023;85.57082;453.675;105.105;115.72;127.94;148.7697
09/10/2023;87.0907;460.9583;105.28;116.38;129.25;149.4028
10/10/2023;82.59637;440.4744;105.21;116.25;129.15;149.4403
11/10/2023;83.22057;441.4697;105.16;116.3;129.78;149.6649
12/10/2023;81.31616;433.0618;105.045;115.99;129.16;149.4439
13/10/2023;85.29295;451.6418;105.085;116.16;129.52;149.618
16/10/2023;83.91168;445.6096;105.04;115.99;129.08;149.4095
17/10/2023;83.49876;444.9785;104.885;115.48;128.09;148.848
18/10/2023;85.68649;455.1846;104.85;115.3;127.61;148.6171
19/10/2023;86.88885;461.894;104.82;115.21;127.53;148.4562
20/10/2023;89.47794;472.501;105;115.65;128.09;148.8146
23/10/2023;87.03365;463.5371;104.965;115.61;128.16;148.822
24/10/2023;85.40314;454.989;105.025;115.85;128.56;149.2636
25/10/2023;87.35736;462.259;104.985;115.68;128.13;149.1088
26/10/2023;89.43079;470.6638;105.08;115.92;128.47;149.3334
27/10/2023;89.34665;469.7803;105.125;116.09;128.65;149.5417
30/10/2023;88.49834;464.9492;105.16;116.16;128.73;149.7672
31/10/2023;85.67406;450.2449;105.175;116.29;128.99;150.0044
01/11/2023;83.57747;439.7666;105.24;116.53;129.45;150.3661
02/11/2023;79.04648;419.1387;105.205;116.57;129.91;150.8165
03/11/2023;77.19566;412.929;105.22;116.8;130.54;151.1669
06/11/2023;77.91461;418.2705;105.13;116.4;129.68;150.7776
07/11/2023;77.3476;416.0505;105.16;116.59;130.33;150.9977
08/11/2023;75.95625;410.4441;105.135;116.66;130.73;151.1545
09/11/2023;75.63145;408.2454;105.11;116.58;130.44;151.1907
10/11/2023;75.64455;410.7927;105.01;116.24;129.82;150.8708
13/11/2023;73.94283;404.0654;104.955;116.12;129.64;150.9126
14/11/2023;70.12238;388.0908;105.115;116.71;130.88;151.8778
15/11/2023;71.11282;390.9841;105.085;116.64;130.64;151.8996
16/11/2023;71.64142;394.489;105.19;116.98;131.2;152.2173
17/11/2023;69.84396;386.8149;105.15;116.85;131.04;152.0838
20/11/2023;68.40688;380.7761;105.05;116.59;130.68;151.8529
21/11/2023;69.12898;383.031;105.11;116.89;131.26;152.1635
22/11/2023;68.16939;376.8132;105.065;116.78;131.22;152.1082
23/11/2023;67.77696;375.0193;104.995;116.45;130.58;151.8432
24/11/2023;68.19225;374.6113;104.94;116.31;130.32;151.733
27/11/2023;69.64178;382.1948;105.105;116.88;131.32;152.385
28/11/2023;68.23393;377.3464;105.235;117.24;131.93;152.7982
29/11/2023;66.74606;367.1421;105.41;117.73;132.71;153.4914
30/11/2023;67.97989;373.5073;105.385;117.5;132.29;153.4089
01/12/2023;65.86903;363.8003;105.665;118.14;133.22;154.2385
04/12/2023;66.77455;367.5847;105.64;118.19;133.45;154.4872
05/12/2023;67.32654;370.2583;105.73;118.58;134.53;155.0539
06/12/2023;67.17924;370.1575;105.705;118.72;134.91;155.2751
07/12/2023;66.89108;368.1973;105.71;118.83;135.12;155.3636
08/12/2023;66.76195;367.7202;106.025;117.88;134.68;154.8437
11/12/2023;66.95499;368.3428;106.015;117.84;134.63;154.857
12/12/2023;66.34529;364.0471;105.965;117.92;135.08;155.0007
13/12/2023;64.15744;352.9951;106.095;118.22;135.67;155.4256
14/12/2023;59.52007;328.5725;106.29;118.63;136.22;156.4049
15/12/2023;60.99332;331.6973;106.41;119.07;137.33;157.0102
18/12/2023;62.03888;335.7554;106.3;118.82;136.74;156.7417
19/12/2023;59.52161;321.2068;106.365;119.06;137.4;157.0502
20/12/2023;59.91277;323.3657;106.455;119.29;137.82;157.372
21/12/2023;60.09355;323.6677;106.47;119.41;137.95;157.5572
22/12/2023;59.10477;316.4026;106.535;119.51;137.9;157.6631
27/12/2023;58.67921;314.9658;106.565;119.75;138.64;158.0349
28/12/2023;58.99661;314.9351;106.61;119.66;138.31;158.0054
29/12/2023;58.21181;310.4717;106.545;119.28;137.22;157.5568
02/01/2024;61.40036;325.238;106.46;119.11;136.89;157.3108
03/01/2024;64.82899;343.0884;106.495;119.26;137.19;157.0282
04/01/2024;63.6507;339.8655;106.285;118.72;136.31;156.4431
05/01/2024;63.69814;338.9829;106.21;118.54;136.03;156.2329
08/01/2024;62.59074;333.8875;106.215;118.57;136.05;156.2687
09/01/2024;61.76668;329.8611;106.11;118.25;135.46;156.0326
10/01/2024;59.54346;319.0481;106.025;118.07;135.16;155.9646
11/01/2024;60.44354;325.0574;106.03;118.06;135.14;156.1866
12/01/2024;60.03952;321.491;106.245;118.46;135.67;156.7107
15/01/2024;60.88368;329.532;106.12;118.19;135.25;156.4631
16/01/2024;60.76187;331.1768;106.095;118.1;134.96;156.3123
17/01/2024;62.43398;338.5183;105.895;117.58;134.23;155.6869
18/01/2024;61.06833;333.9468;105.905;117.52;133.95;155.7922
19/01/2024;59.92085;329.0457;105.83;117.43;134;155.8703
22/01/2024;59.18588;323.5752;105.88;117.63;134.47;156.2778
23/01/2024;60.44026;329.6531;105.845;117.46;133.92;156.0777
24/01/2024;58.93849;321.1404;105.835;117.45;133.91;156.1635
25/01/2024;58.34558;317.1177;106;117.84;134.53;156.7415
26/01/2024;57.73082;314.8984;105.965;117.73;134.29;156.8007
29/01/2024;58.53893;319.1543;106.075;118.09;134.99;157.3059
30/01/2024;58.33331;318.052;105.965;117.84;134.53;157.0577
31/01/2024;60.36118;327.7751;106.19;118.53;135.85;157.788
01/02/2024;60.85774;330.3569;106.175;118.63;136.25;157.8232
02/02/2024;58.61339;322.2021;105.885;117.86;134.93;157.0305
05/02/2024;59.37009;327.8528;105.745;117.38;133.91;156.5154
06/02/2024;59.36453;327.9631;105.785;117.53;134.24;156.7074
07/02/2024;60.07019;329.782;105.775;117.55;134.3;156.6839
08/02/2024;59.75177;327.8635;105.67;117.19;133.62;156.3086
09/02/2024;58.7272;320.5999;105.56;116.92;133.3;156.0932
12/02/2024;57.28592;313.6682;105.58;117.01;133.45;156.2792
13/02/2024;58.22855;320.738;105.445;116.75;133.11;156.0462
14/02/2024;57.55417;317.4329;105.5;116.96;133.57;156.382
15/02/2024;56.94037;314.8145;105.475;116.93;133.61;156.519
16/02/2024;55.94446;308.5974;105.33;116.55;132.96;156.2025
19/02/2024;55.75729;309.9824;105.34;116.55;132.85;156.2908
20/02/2024;56.86942;315.9158;105.4;116.74;133.26;156.6021
21/02/2024;56.14909;312.749;105.28;116.39;132.59;156.2506
22/02/2024;54.33531;304.4644;105.185;116.23;132.58;156.3777
23/02/2024;53.99489;301.2212;105.245;116.49;133.17;156.8023
26/02/2024;55.03705;305.3928;105.13;116.18;132.53;156.5039
27/02/2024;55.51259;307.6934;105.125;116.09;132.26;156.3521
28/02/2024;55.60884;308.0232;105.12;116.05;132.21;156.1712
29/02/2024;55.26309;305.2014;105.15;116.22;132.65;156.4097
01/03/2024;54.73999;302.0542;105.18;116.29;132.76;156.562
04/03/2024;53.74754;296.7336;105.13;116.24;132.76;156.5804
05/03/2024;54.87596;303.3733;105.24;116.6;133.69;157.0664
06/03/2024;53.44754;298.5242;105.17;116.46;133.48;156.935
07/03/2024;52.74072;294.7786;105.175;116.54;133.68;157.2697
08/03/2024;52.11714;293.1731;105.94;118.59;133.76;157.7599
11/03/2024;52.67227;296.0764;105.865;118.36;133.39;157.6139
12/03/2024;51.82939;293.9358;105.755;118.14;133.13;157.5675
13/03/2024;50.80501;289.0352;105.68;117.94;132.73;157.5986
14/03/2024;52.33588;299.1038;105.6;117.58;132.01;157.3103
15/03/2024;53.34583;305.1035;105.54;117.46;131.83;157.1362
18/03/2024;52.82646;301.8184;105.525;117.4;131.66;157.103
19/03/2024;52.22476;301.1184;105.6;117.58;131.88;157.2583
20/03/2024;55.46184;292.3398;105.57;117.56;131.91;157.1875
21/03/2024;53.49992;289.8696;105.66;117.79;132.26;157.5451
22/03/2024;55.53383;302.0894;105.765;118.19;133.07;157.9767
25/03/2024;54.81013;297.2363;105.635;117.86;132.56;157.6369
26/03/2024;55.46873;301.2419;105.655;117.95;132.75;157.759
27/03/2024;54.91992;298.7607;105.73;118.25;133.37;158.1906
28/03/2024;54.24586;297.0308;105.7;118.25;133.38;158.3224
02/04/2024;56.24001;307.0864;105.69;117.83;132.14;157.9227
03/04/2024;54.98288;302.4871;105.65;117.81;132.22;158.0123
04/04/2024;53.4834;296.1035;105.66;118;132.74;158.4212
05/04/2024;54.51868;299.6396;105.62;117.78;132.22;158.1447
08/04/2024;54.11603;300.1975;105.515;117.5;131.83;157.9757
09/04/2024;54.55273;303.0701;105.59;117.83;132.57;158.4057
10/04/2024;55.08392;306.9927;105.445;117.45;131.94;157.9756
11/04/2024;56.46605;317.2505;105.405;117.2;131.34;157.6619
12/04/2024;58.83586;325.283;105.64;117.94;132.71;158.3741
15/04/2024;60.16833;335.6563;105.535;117.51;131.81;157.7731
16/04/2024;61.66719;342.1206;105.465;117.22;131.21;157.1514
17/04/2024;61.77187;341.0364;105.45;117.29;131.45;157.3822
18/04/2024;60.3219;335.0872;105.36;117.08;131.21;157.2732
19/04/2024;60.2822;334.5073;105.31;116.92;130.99;157.092
22/04/2024;58.25217;325.2571;105.385;117.11;131.19;157.4664
23/04/2024;55.64513;313.0828;105.36;117.06;131.07;157.5238
24/04/2024;57.28474;322.3027;105.265;116.67;130.22;157.0819
25/04/2024;57.70113;326.427;105.17;116.39;129.78;156.747
26/04/2024;55.44405;315.5444;105.205;116.63;130.32;157.0801
29/04/2024;54.73073;312.1948;105.27;116.88;130.85;157.4752
30/04/2024;55.75243;317.7766;105.11;116.43;130.08;156.9976
01/05/2024;56.85271;324.156;#N/D;#N/D;#N/D;156.9976
02/05/2024;55.28606;316.1799;105.16;116.58;130.39;157.2486
03/05/2024;53.39012;305.781;105.29;116.92;130.89;157.7232
06/05/2024;#N/D;#N/D;105.325;117.07;131.24;157.9167
07/05/2024;52.26637;299.8704;105.34;117.29;131.83;158.2783
08/05/2024;52.39159;300.0764;105.285;117.06;131.36;158.0712
09/05/2024;52.58054;299.9041;105.26;116.91;131.02;157.9466
10/05/2024;52.76778;299.876;105.19;116.73;130.75;157.7843
13/05/2024;52.53877;298.1594;105.23;116.84;130.9;157.9338
14/05/2024;52.76411;300.4958;105.18;116.62;130.51;157.6876
15/05/2024;51.05646;291.1746;105.33;117.24;131.71;158.421
16/05/2024;50.94391;289.8728;105.29;117.11;131.58;158.3432
17/05/2024;50.9836;289.647;105.155;116.69;130.82;157.8972
20/05/2024;50.41943;286.6157;105.135;116.57;130.52;157.8242
21/05/2024;50.8181;287.7944;105.17;116.72;130.84;158.0532
22/05/2024;51.15326;289.0144;105.105;116.55;130.55;157.8998
23/05/2024;51.51056;290.207;104.94;116.04;129.74;157.3964
24/05/2024;51.0607;288.4639;104.955;116.21;130.08;157.5453
27/05/2024;#N/D;#N/D;105.04;116.39;130.36;157.8244
28/05/2024;51.15994;287.9717;105.015;116.26;130.02;157.7257
29/05/2024;52.72429;296.2986;104.945;115.85;129.06;157.2471
30/05/2024;52.36893;294.4084;104.965;115.88;129.18;157.3454
31/05/2024;52.51974;295.9875;104.965;115.94;129.34;157.4363
03/06/2024;51.44701;290.363;105.045;116.28;129.97;157.8995
04/06/2024;52.69366;296.8357;105.105;116.5;130.4;158.1849
05/06/2024;51.80325;291.5125;105.125;116.61;130.7;158.3218
06/06/2024;51.86678;291.6094;105.135;116.5;130.51;158.0317
07/06/2024;51.35097;289.2278;105.205;115.4;130.22;157.5609
10/06/2024;52.8058;294.2422;105.205;115.26;129.65;157.2904
11/06/2024;55.41063;302.7146;105.35;115.59;130.16;157.5864
12/06/2024;53.32922;293.4485;105.46;116;131.1;158.1566
13/06/2024;56.74905;305.5212;105.54;116.17;131.33;158.2951
14/06/2024;64.21915;331.6636;105.875;117.04;133.07;158.7853
17/06/2024;63.10712;329.7839;105.755;116.72;132.43;158.3008
18/06/2024;60.74858;320.4951;105.76;116.77;132.6;158.5253
19/06/2024;62.65445;327.8337;105.765;116.77;132.55;158.5471
20/06/2024;61.17812;320.8474;105.73;116.61;132.24;158.4165
21/06/2024;62.13582;324.8252;105.8;116.8;132.53;158.6312
24/06/2024;60.34583;318.2468;105.75;116.69;132.37;158.5754
25/06/2024;61.12024;320.8774;105.76;116.74;132.51;158.6861
26/06/2024;61.87801;323.2783;105.725;116.55;132.02;158.5095
27/06/2024;62.29926;326.1313;105.735;116.59;132.04;158.6031
28/06/2024;60.93936;319.1731;105.7;116.44;131.62;158.4708
01/07/2024;58.23422;309.8167;105.51;115.85;130.41;158.1822
02/07/2024;57.30704;307.0952;105.525;115.87;130.38;158.2767
03/07/2024;54.38773;295.0474;105.535;116.04;130.95;158.7985
04/07/2024;53.59013;292.0818;105.45;115.81;130.57;158.6535
05/07/2024;53.97922;296.0637;105.545;116.1;131.09;159.0652
08/07/2024;52.12469;288.6895;105.53;116.13;131.28;159.2446
09/07/2024;53.45784;293.8799;105.48;115.94;130.86;159.0256
10/07/2024;52.58762;289.949;105.53;116.11;131.3;159.2302
11/07/2024;52.54405;289.4746;105.73;116.55;132.06;159.7748
12/07/2024;51.05959;282.6111;105.68;116.39;131.73;159.5681
15/07/2024;51.15662;284.385;105.71;116.53;131.96;159.734
16/07/2024;51.99443;287.2068;105.77;116.71;132.38;159.8845
17/07/2024;53.11823;292.2361;105.755;116.71;132.49;159.9014
18/07/2024;53.80692;294.0586;105.815;116.86;132.63;160.1277
19/07/2024;54.3566;296.9255;105.755;116.63;132.1;159.8575
22/07/2024;52.91797;292.1133;105.655;116.44;131.93;159.751
23/07/2024;53.44824;293.2776;105.755;116.69;132.3;160.0955
24/07/2024;54.44699;298.2979;105.85;116.82;132.34;160.2539
25/07/2024;54.99767;299.8831;105.92;116.99;132.64;160.4107
26/07/2024;54.23186;295.0513;105.93;117.03;132.72;160.4947
29/07/2024;54.93036;297.4031;105.965;117.2;133.18;160.7415
30/07/2024;55.66049;298.8337;106.04;117.36;133.38;160.9474
31/07/2024;54.66919;294.679;106.075;117.51;133.73;161.1796
01/08/2024;58.77521;310.2563;106.2;117.86;134.46;161.5872
02/08/2024;62.85434;331.8699;106.415;118.35;135.22;161.7252
05/08/2024;65.30194;341.4607;106.47;118.35;135.19;161.0867
06/08/2024;64.83203;339.6484;106.385;118.2;135.03;161.2196
07/08/2024;62.05501;328.6855;106.285;117.84;134.12;161.0383
08/08/2024;61.82092;327.6572;106.305;117.87;134.12;161.0764
09/08/2024;61.90651;328.7642;106.32;118.03;134.58;161.3239
12/08/2024;61.32628;325.5156;106.28;117.93;134.41;161.2496
13/08/2024;61.47717;324.6528;106.4;118.26;135.06;161.6333
14/08/2024;58.96086;314.5869;106.38;118.26;135.09;161.6635
15/08/2024;55.69672;301.092;106.17;117.69;134.13;161.1577
16/08/2024;53.93205;294.4524;106.18;117.73;134.26;161.368
19/08/2024;53.08008;291.4377;106.17;117.68;134.15;161.3773
20/08/2024;53.84093;294.2571;106.24;117.9;134.63;161.697
21/08/2024;53.73528;293.1306;106.31;118.03;134.79;161.8715
22/08/2024;53.4449;292.9399;106.225;117.77;134.25;161.6051
23/08/2024;52.16185;286.3538;106.295;117.95;134.55;161.8517
26/08/2024;#N/D;#N/D;106.245;117.8;134.32;161.7139
27/08/2024;51.81848;284.3306;106.22;117.66;133.87;161.5641
28/08/2024;52.1189;286.2908;106.25;117.75;134.09;161.6822
29/08/2024;51.89252;285.1218;106.275;117.71;133.88;161.6574
30/08/2024;52.55284;288.4849;106.23;117.67;133.91;161.6548
02/09/2024;52.54898;288.3213;106.16;117.41;133.28;161.363
03/09/2024;54.38916;296.5305;106.21;117.67;133.93;161.7396
04/09/2024;54.43253;297.512;106.34;118.02;134.54;162.1019
05/09/2024;55.32355;300.9714;106.34;118;134.52;162.1609
06/09/2024;56.27715;305.2942;106.435;118.25;135.08;162.5649
09/09/2024;55.32664;299.6477;106.975;119.7;134.56;162.6431
10/09/2024;57.12193;307.5;106.995;119.81;134.77;162.7212
11/09/2024;58.17049;310.3931;107.135;120.17;135.36;162.8669
12/09/2024;55.56827;297.9712;106.93;119.73;134.73;162.4839
13/09/2024;53.4818;289.4863;106.96;119.75;134.72;162.5983
16/09/2024;53.53625;289.7048;107.015;119.91;135.04;162.9053
17/09/2024;52.72015;285.9004;106.93;119.71;134.81;162.8075
18/09/2024;53.24242;286.4839;106.845;119.47;134.32;162.5812
19/09/2024;50.9566;275.2786;106.945;119.61;134.32;162.9719
20/09/2024;58.22685;312.1829;106.835;119.34;133.93;162.7152
23/09/2024;58.71074;313.5513;107.03;119.76;134.5;163.1841
24/09/2024;58.79912;314.594;107.185;120.1;134.95;163.5498
25/09/2024;58.98854;314.8835;107.09;119.79;134.44;163.1882
26/09/2024;57.28477;306.3889;107.1;119.83;134.49;163.3032
27/09/2024;57.53743;307.229;107.135;119.97;134.81;163.5122
30/09/2024;58.82336;310.8481;107.175;120.05;134.92;163.644
01/10/2024;59.96564;316.8994;107.26;120.44;135.88;164.1938
02/10/2024;59.50865;315.6406;107.2;120.14;135.14;163.8913
03/10/2024;59.95364;318.8479;107.14;119.95;134.8;163.8145
04/10/2024;58.34557;311.6919;106.86;119.31;133.92;163.3587
07/10/2024;58.23944;312.9243;106.76;119.03;133.44;163.1984
08/10/2024;58.34872;314.075;106.78;119.08;133.45;163.2248
09/10/2024;57.50644;309.7937;106.745;119.03;133.41;163.1995
10/10/2024;56.96158;308.5764;106.755;119.01;133.29;163.2466
11/10/2024;56.7003;307.7078;106.725;118.93;133.15;163.2264
14/10/2024;55.87038;303.7351;106.72;118.91;133.14;163.2964
15/10/2024;56.32156;303.8994;106.815;119.23;133.75;163.7573
16/10/2024;56.34875;303.7939;106.895;119.47;134.2;164.0619
17/10/2024;55.51755;299.8884;106.92;119.38;133.84;164.108
18/10/2024;55.19505;299.0054;107.005;119.58;134.19;164.4338
21/10/2024;56.39101;305.2561;106.835;119.03;133.16;163.8778
22/10/2024;57.26292;308.7219;106.82;118.9;132.83;163.7252
23/10/2024;57.80806;310.7732;106.905;118.94;132.71;163.8131
24/10/2024;57.47777;309.7007;107;119.32;133.51;164.325
25/10/2024;56.99336;307.8142;106.895;119.04;133.1;164.0454
28/10/2024;56.44882;305.584;106.905;119.05;133.02;164.1058
29/10/2024;56.8037;306.376;106.825;118.76;132.51;163.8164
30/10/2024;57.4151;308.7231;106.615;118.27;131.97;163.2993
31/10/2024;58.58525;314.0854;106.54;118.15;131.8;163.1455
01/11/2024;58.2942;312.1914;106.595;118.19;131.64;163.1969
04/11/2024;58.87184;314.3589;106.575;118.21;131.8;163.3184
05/11/2024;57.79974;308.2666;106.51;118.01;131.45;163.1728
06/11/2024;56.73332;302.8477;106.705;118.41;131.73;163.8159
07/11/2024;54.81561;290.8296;106.685;118.24;131.42;163.6855
08/11/2024;54.82408;293.1667;106.71;118.46;132.08;164.0038
11/11/2024;53.72592;289.6926;106.805;118.74;132.51;164.4448
12/11/2024;55.11401;296.1965;106.83;118.65;132.29;164.3896
13/11/2024;54.58003;294.7998;106.785;118.42;131.83;164.1523
14/11/2024;54.81766;296.3083;106.845;118.65;132.14;164.4411
15/11/2024;56.43083;304.3291;106.81;118.61;132.2;164.3971
18/11/2024;55.71425;300.1362;106.72;118.44;131.94;164.2033
19/11/2024;55.90048;301.2473;106.77;118.63;132.33;164.2757
20/11/2024;56.53372;303.1755;106.755;118.53;132.08;164.1509
21/11/2024;56.84811;303.6931;106.825;118.75;132.48;164.2446
22/11/2024;57.61032;307.9341;106.99;119.09;133.11;164.6131
25/11/2024;57.44592;307.76;106.98;119.27;133.61;164.8856
26/11/2024;58.16901;309.7324;106.91;119.2;133.57;164.8156
27/11/2024;57.81598;308.064;106.91;119.36;133.97;164.9693
28/11/2024;57.29034;305.6121;106.97;119.58;134.37;165.3042
29/11/2024;55.73529;297.8694;107.07;119.85;134.78;165.6893
02/12/2024;56.28716;300.7329;107.155;120.14;135.33;166.122
03/12/2024;56.4115;301.1104;107.065;119.97;135.12;166.0357
04/12/2024;55.29881;296.0173;107.055;119.88;135.08;166.1303
05/12/2024;53.78993;292.0425;106.925;119.51;134.47;165.9469
06/12/2024;52.94243;289.3586;106.885;119.43;134.4;166.0986
09/12/2024;53.2037;290.7405;107.215;118.83;136.02;166.2804
10/12/2024;53.59962;292.9458;107.26;118.9;135.95;166.3533
11/12/2024;53.03488;290.8054;107.285;118.92;135.95;166.383
12/12/2024;53.55148;294.0735;107.195;118.63;135.35;166.0647
13/12/2024;54.33807;299.8618;107.08;118.3;134.64;165.6553
16/12/2024;53.67015;297.6089;107.095;118.36;134.73;165.7282
17/12/2024;54.01993;298.9822;107.085;118.36;134.84;165.7112
18/12/2024;54.11882;298.3472;107.11;118.3;134.62;165.6186
19/12/2024;56.74367;310.8896;107.06;118.04;133.91;165.1131
20/12/2024;56.51828;309.4941;107.105;118.18;134.14;165.2777
23/12/2024;56.94254;311.4976;107.025;117.94;133.73;165.0722
27/12/2024;56.6082;310.4795;106.95;117.65;133.02;164.7903
30/12/2024;57.7686;314.646;106.985;117.86;133.44;165.0654
31/12/2024;57.64966;313.0579;#N/D;#N/D;#N/D;165.0654
02/01/2025;56.26125;306.3806;106.95;117.79;133.29;165.0325
03/01/2025;56.66194;306.9199;106.79;117.39;132.64;164.5654
06/01/2025;55.04021;298.9619;106.715;117.16;132.26;164.3416
07/01/2025;55.85919;302.6597;106.725;117.13;132;164.296
08/01/2025;57.64189;310.6697;106.725;117.08;131.72;164.1909
09/01/2025;57.34004;309.9753;106.66;116.91;131.48;164.0116
10/01/2025;58.3158;314.9253;106.56;116.65;131.12;163.7801
13/01/2025;59.3188;320.1165;106.525;116.52;130.82;163.6009
14/01/2025;58.67538;317.4553;106.48;116.38;130.47;163.452
15/01/2025;56.01207;305.9573;106.6;116.85;131.46;164.0966
16/01/2025;55.45963;305.157;106.64;116.93;131.51;164.2914
17/01/2025;54.60013;293.3179;106.64;116.99;131.78;164.5317
20/01/2025;54.38643;291.9165;106.65;117.03;131.84;164.6792
21/01/2025;54.05241;290.2478;106.655;117.06;131.94;164.76
22/01/2025;53.3764;287.4956;106.63;117.01;131.85;164.7758
23/01/2025;53.43031;288.3755;106.58;116.87;131.56;164.6176
24/01/2025;53.1987;288.906;106.485;116.66;131.25;164.4164
27/01/2025;54.44077;294.3345;106.55;116.85;131.63;164.6281
28/01/2025;53.88107;291.5022;106.525;116.76;131.41;164.6014
29/01/2025;53.64473;290.0647;106.52;116.72;131.34;164.6578
30/01/2025;52.98009;286.752;106.665;117.04;131.9;165.1836
31/01/2025;53.11278;287.8762;106.815;117.43;132.52;165.8173
03/02/2025;54.69261;295.0964;106.955;117.83;133.29;166.1413
04/02/2025;53.9059;291.2295;106.925;117.75;133.12;166.1534
05/02/2025;53.44281;289.7791;106.93;117.87;133.55;166.4106
06/02/2025;52.73018;287.042;106.91;117.81;133.41;166.3922
07/02/2025;53.93291;292.0632;106.89;117.76;133.25;166.3024
10/02/2025;53.11086;288.0632;106.955;117.89;133.5;166.5213
11/02/2025;53.12787;288.4204;106.845;117.52;132.7;166.039
12/02/2025;52.58017;285.1157;106.745;117.22;132.15;165.7186
13/02/2025;51.62485;280.9746;106.83;117.53;132.85;166.2938
14/02/2025;51.19243;278.5256;106.795;117.5;132.85;166.3182
17/02/2025;51.21278;279.3093;106.745;117.3;132.22;166.0864
18/02/2025;50.8808;277.9602;106.745;117.25;132.1;166.1259
19/02/2025;51.78748;281.4009;106.665;116.98;131.51;165.7802
20/02/2025;52.26779;283.9717;106.7;117.06;131.6;165.9139
21/02/2025;52.24908;284.354;106.795;117.4;132.38;166.3674
24/02/2025;52.77576;286.7017;106.835;117.47;132.4;166.4367
25/02/2025;53.09628;288.6077;106.855;117.51;132.48;166.4131
26/02/2025;51.89352;282.2629;106.84;117.58;132.67;166.5282
27/02/2025;53.26068;287.6443;106.9;117.75;132.89;166.7095
28/02/2025;53.74948;288.6321;106.93;117.9;133.19;166.7787
03/03/2025;53.17474;285.7566;106.8;117.47;132.01;166.267
04/03/2025;54.77061;293.022;106.915;117.72;132.24;166.4059
05/03/2025;53.59512;288.6516;106.5;116.21;129.05;164.7636
06/03/2025;54.40242;292.2192;106.555;116.1;128.47;164.166
07/03/2025;54.97655;296.0513;106.575;116.83;127.66;164.6575
10/03/2025;56.15581;303.9172;106.64;117;127.83;164.8923
11/03/2025;57.48257;309.249;106.66;116.76;127.07;164.5397
12/03/2025;56.41423;304.0359;106.58;116.65;127.08;164.3826
13/03/2025;58.7592;314.9285;106.69;116.91;127.44;164.2694
14/03/2025;57.10237;308.9578;106.67;116.81;127.23;164.197
17/03/2025;56.18143;305.0044;106.68;117.08;127.98;164.6231
18/03/2025;55.85753;303.5476;106.68;117.05;127.87;164.643
19/03/2025;54.97914;299.8347;106.665;117.1;128.11;164.719
20/03/2025;58.67642;308.2825;106.69;117.18;128.18;164.8371
21/03/2025;60.23323;315.7549;106.785;117.42;128.48;165.0097
24/03/2025;58.36067;305.312;106.78;117.33;128.27;164.9669
25/03/2025;57.52423;300.7444;106.765;117.28;128.13;164.9423
26/03/2025;59.04143;308.7468;106.785;117.34;128.15;164.9824
27/03/2025;61.00142;316.8657;106.9;117.54;128.35;165.1014
28/03/2025;62.18922;322.77;106.98;117.82;128.84;165.3559
31/03/2025;63.63431;327.876;106.955;117.79;128.83;165.0926
01/04/2025;63.20932;326.2258;106.98;117.95;129.27;165.4322
02/04/2025;63.63136;328.0432;106.975;117.9;129.08;165.3341
03/04/2025;68.50063;347.1929;107.175;118.45;129.84;165.528
04/04/2025;77.26709;387.2031;107.375;118.96;130.52;165.001
07/04/2025;79.79651;406.2981;107.5;119.12;130.36;164.615
08/04/2025;77.3365;394.2488;107.345;118.69;129.95;164.9399
09/04/2025;85.34627;428.1445;107.59;119.19;130.57;164.6315
10/04/2025;77.71536;393.48;107.36;118.84;130.36;165.1306
11/04/2025;76.88112;389.1433;107.515;119.15;130.98;165.1164
14/04/2025;73.50349;372.885;107.45;119.12;131.04;165.3462
15/04/2025;71.76118;366.1895;107.47;119.08;130.86;165.5872
16/04/2025;71.76482;366.6663;107.505;119.31;131.26;165.9204
17/04/2025;71.84175;366.0759;107.63;119.57;131.71;166.5691
18/04/2025;#N/D;#N/D;#N/D;#N/D;#N/D;166.5691
21/04/2025;#N/D;#N/D;#N/D;#N/D;#N/D;166.5691
22/04/2025;71.14252;363.7549;107.67;119.73;131.95;166.7798
23/04/2025;68.60049;351.5032;107.475;119.28;131.26;166.6236
24/04/2025;67.00728;344.3147;107.6;119.68;131.88;167.085
25/04/2025;65.93057;341.0964;107.515;119.48;131.59;166.8958
28/04/2025;66.11719;341.324;107.515;119.39;131.27;166.792
29/04/2025;66.60655;341.8457;107.515;119.41;131.39;166.6998
30/04/2025;68.23662;350.2385;107.57;119.63;131.78;166.7241
01/05/2025;66.71413;343.6987;#N/D;#N/D;#N/D;166.7241
02/05/2025;64.91454;333.9636;107.45;119.22;131.05;166.3839
05/05/2025;#N/D;#N/D;107.44;119.24;131.06;166.4163
06/05/2025;64.15588;331.2566;107.465;119.24;130.91;166.473
07/05/2025;63.92836;330.3186;107.51;119.47;131.51;166.8651
08/05/2025;61.63655;319.9417;107.43;119.26;131.17;166.743
09/05/2025;61.39221;320.0647;107.39;119.08;130.76;166.6774
12/05/2025;58.10132;306.8196;107.115;118.36;129.78;166.2682
13/05/2025;55.70496;295.5522;107.115;118.27;129.56;166.2482
14/05/2025;56.73335;299.0784;107.125;118.19;129.39;166.1794
15/05/2025;56.90063;300.1067;107.2;118.46;129.93;166.4296
16/05/2025;57.34181;301.2954;107.26;118.72;130.42;166.7827
19/05/2025;57.06471;299.9382;107.29;118.83;130.54;166.8883
20/05/2025;56.4563;295.7368;107.265;118.74;130.24;166.8004
21/05/2025;56.9758;298.613;107.225;118.57;129.89;166.609
22/05/2025;58.19235;302.6213;107.285;118.61;129.85;166.6152
23/05/2025;61.01469;315.9551;107.425;119.04;130.65;166.9766
26/05/2025;#N/D;#N/D;107.365;119;130.73;167.0462
27/05/2025;57.72014;300.1091;107.36;119.05;130.95;167.308
28/05/2025;57.82809;300.604;107.335;118.99;130.83;167.2655
29/05/2025;57.71054;300.0198;107.375;119.15;131.2;167.6177
30/05/2025;57.78352;300.0488;107.345;119.14;131.21;167.6344
02/06/2025;57.77312;299.9094;107.34;119.12;131.13;167.6392
03/06/2025;56.80086;295.498;107.35;119.21;131.3;167.7776
04/06/2025;56.61487;294.6819;107.315;119.04;131.07;167.692
05/06/2025;56.22644;292.9143;107.15;118.58;130.34;167.2325
06/06/2025;55.59866;289.4307;107.22;118.83;130.78;167.413
09/06/2025;55.6001;288.4585;107.225;117.64;130.3;167.5605
10/06/2025;55.30505;287.6926;107.265;117.84;130.83;167.8763
11/06/2025;54.6911;286.1675;107.28;117.87;130.8;167.9438
12/06/2025;56.26125;292.7034;107.335;118.09;131.32;168.1739
13/06/2025;57.59508;298.0049;107.26;117.82;130.78;167.6975
16/06/2025;56.10127;290.9509;107.285;117.9;130.85;167.9156
17/06/2025;57.68964;297.0225;107.235;117.8;130.76;167.8338
18/06/2025;58.50731;300.3501;107.27;117.96;131.16;168.0278
19/06/2025;61.43022;313.4385;107.27;117.88;130.96;167.8819
20/06/2025;59.21814;304.0198;107.255;117.86;130.93;167.9097
23/06/2025;59.88034;307.1416;107.275;117.94;131.07;168.0093
24/06/2025;56.25403;291.751;107.27;117.89;130.84;168.1281
25/06/2025;56.59213;292.7603;107.265;117.75;130.46;167.984
26/06/2025;56.13768;290.531;107.315;117.85;130.49;168.0801
27/06/2025;54.69987;284.2153;107.22;117.6;130.12;167.8889
30/06/2025;54.50569;282.54;107.25;117.68;130.15;168.0676
01/07/2025;54.2709;282.96;107.27;117.78;130.49;168.3607
02/07/2025;54.24687;283.4592;107.235;117.57;129.95;168.3075
03/07/2025;53.00436;278.3215;107.275;117.75;130.33;168.6947
04/07/2025;54.83069;286.325;107.33;117.87;130.51;168.8548
07/07/2025;53.84576;282.0037;107.28;117.68;130.06;168.667
08/07/2025;53.93181;282.1641;107.215;117.47;129.64;168.4657
09/07/2025;53.47778;278.8865;107.24;117.55;129.79;168.6089
10/07/2025;53.29897;277.6611;107.17;117.36;129.45;168.4219
11/07/2025;54.25256;281.7349;107.13;117.23;129.17;168.2305
14/07/2025;54.63864;282.8062;107.195;117.33;129.18;168.3238
15/07/2025;55.07248;282.9856;107.225;117.44;129.46;168.5043
16/07/2025;55.63081;285.2605;107.275;117.57;129.62;168.5775
17/07/2025;54.21274;278.7678;107.275;117.64;129.83;168.6714
18/07/2025;53.83185;277.1863;107.24;117.53;129.55;168.5597
21/07/2025;53.96523;277.4583;107.325;117.9;130.45;169.0833
22/07/2025;54.53178;279.5574;107.355;118.02;130.74;169.2605
23/07/2025;53.11494;273.1414;107.355;117.98;130.58;169.2866
24/07/2025;53.04305;270.6978;107.135;117.38;129.58;168.7287
25/07/2025;52.8456;269.2439;107.075;117.21;129.32;168.5917
28/07/2025;53.13654;267.8105;107.14;117.42;129.73;168.9819
29/07/2025;52.62048;264.292;107.11;117.34;129.66;168.9782
30/07/2025;52.86343;266.4316;107.07;117.24;129.53;168.8797
31/07/2025;53.64804;268.4692;107.05;117.27;129.7;168.951
01/08/2025;56.27547;279.9282;107.12;117.42;129.8;168.8587
04/08/2025;55.59698;275.7134;107.15;117.6;130.27;169.1543
05/08/2025;55.70354;275.7515;107.14;117.64;130.35;169.2442
06/08/2025;55.24908;275.1758;107.14;117.59;130.18;169.1923
07/08/2025;54.29614;270.5044;107.11;117.55;130.23;169.2434
08/08/2025;53.33537;266.5728;107.05;117.31;129.73;168.9818
11/08/2025;53.35921;265.9348;107.025;117.26;129.62;168.9747
12/08/2025;52.58424;263.49;107.015;117.11;129.11;168.7743
13/08/2025;51.79301;261.1865;107.095;117.46;129.83;169.2898
14/08/2025;51.79805;260.5334;107.07;117.31;129.51;169.158
15/08/2025;51.59467;259.5083;107.025;117.05;128.8;168.822
18/08/2025;51.52568;259.9636;107.02;117.08;128.83;168.8734
19/08/2025;51.50418;260.9282;107.04;117.19;129.07;169.0276
20/08/2025;52.37341;265.0352;107.095;117.36;129.46;169.1943
21/08/2025;53.08302;267.8635;107.005;117.14;129.05;168.7863
22/08/2025;51.43062;260.3555;107.055;117.34;129.44;169.0134
25/08/2025;#N/D;#N/D;107;117.11;128.99;168.7465
26/08/2025;53.02727;267.541;107.06;117.39;129.43;168.9903
27/08/2025;54.90483;274.0605;107.115;117.59;129.78;169.1903
28/08/2025;54.36087;262.2349;107.065;117.5;129.69;169.0695
29/08/2025;55.50031;267.947;107.06;117.46;129.55;168.9852
01/09/2025;55.52559;268.0481;107.02;117.3;129.18;168.7544
02/09/2025;56.94899;274.3674;106.98;117.13;128.81;168.4155
03/09/2025;55.28111;267.2964;107.02;117.31;129.22;168.6943
04/09/2025;53.95392;262.7671;107.005;117.36;129.46;168.926
05/09/2025;53.90483;262.9836;107.08;117.67;130.1;169.3871
08/09/2025;53.21104;260.6267;107.055;117.65;130.06;169.5807
09/09/2025;52.99994;260.8186;107.135;118.23;129.03;169.4936
10/09/2025;52.49109;258.9197;107.12;118.24;129.14;169.5771
11/09/2025;50.98663;252.1995;107.03;118.06;129.1;169.5179
12/09/2025;50.90559;251.792;106.98;117.82;128.56;169.3304
15/09/2025;50.04143;248.0888;106.99;117.9;128.73;169.5429
16/09/2025;50.85559;252.0401;107.01;117.91;128.71;169.5347
17/09/2025;50.74388;250.895;107.01;117.94;128.91;169.5628
18/09/2025;50.06998;247.657;107.005;117.84;128.51;169.4945
19/09/2025;50.31599;248.4161;106.97;117.69;128.18;169.378
22/09/2025;56.05814;268.2524;106.99;117.76;128.26;169.4803
23/09/2025;55.5536;264.3389;106.97;117.67;128.18;169.4319
24/09/2025;56.04453;264.625;106.975;117.69;128.19;169.4525
25/09/2025;56.823;268.1836;106.94;117.53;128;169.2455
26/09/2025;56.39975;265.4822;106.96;117.65;128.26;169.3753
29/09/2025;55.99791;262.7219;106.98;117.79;128.6;169.604
30/09/2025;55.98538;262.2661;106.98;117.81;128.57;169.6283
01/10/2025;55.33318;260.6296;106.995;117.86;128.59;169.6995
